{
    "train": {
        "accuracy": 9.663042272108193,
        "loss": 0.7541927455203875
    },
    "val": {
        "accuracy": 9.38094621032175,
        "loss": 0.898630473982788
    },
    "step": 9
}
