{
    "train": {
        "accuracy": 9.622491293036843,
        "loss": 0.5543094600275245
    },
    "val": {
        "accuracy": 9.846681525756777,
        "loss": 0.004704517715753864
    },
    "step": 9
}
