{
    "train": {
        "accuracy": 9.491745821139581,
        "loss": 0.3592682234298742
    },
    "val": {
        "accuracy": 9.17412292257401,
        "loss": 0.05845637034344442
    },
    "step": 9
}
