{
    "train": {
        "accuracy": 9.041196340622076,
        "loss": 0.22996467649443597
    },
    "val": {
        "accuracy": 9.15071604562213,
        "loss": 0.9231525513643705
    },
    "step": 9
}
