{
    "train": {
        "accuracy": 9.737718909396492,
        "loss": 0.2323369769304322
    },
    "val": {
        "accuracy": 9.3487338377436,
        "loss": 0.25129127191407674
    },
    "step": 9
}
