step	accuracy
0	0.1523070739944552
1	1.1539243749517842
2	2.721063114062982
3	3.737673964580173
4	4.136259243641534
5	5.0792745259538
6	6.80799973396724
7	7.895429618612219
8	8.259710899773301
9	9.491745821139581
