step	accuracy
0	0.4451321661138836
1	1.5722362004342612
2	2.675211515889467
3	3.1608557249556752
4	4.280447352340488
5	5.72185788942758
6	6.831248675269358
7	7.950804587469906
8	8.517210297868285
9	9.622491293036843
