step	accuracy
0	0.6660254917452151
1	1.2507982116718832
2	2.542822131762411
3	3.7482360349553474
4	4.704150779970693
5	5.0963366274399675
6	6.46195679609284
7	7.501289360753056
8	8.780792706271258
9	9.737718909396492
