step	accuracy
0	0.4183736467284117
1	1.7567293002095385
2	2.3790672946324163
3	3.1706199192846514
4	4.912519182552088
5	5.62006183184415
6	6.350352710313763
7	7.780952851451287
8	8.08390211558938
9	9.663042272108193
