step	accuracy
0	0.6595769203182271
1	1.786645545843247
2	2.6679051916231913
3	3.956447167352588
4	4.257781017327176
5	5.248816152707732
6	6.003452060529718
7	7.9176913630392844
8	8.349792381821233
9	9.041196340622076
