step	loss
0	9.351129818630968
1	8.566158626169793
2	7.681108513444563
3	6.996973095175998
4	5.094995871229861
5	4.836152468854884
6	3.0442255342924525
7	2.087948156147414
8	1.3677513538239974
9	0.5543094600275245
