step	loss
0	9.11770445076007
1	8.546772224543629
2	7.274786132240759
3	6.949633012039843
4	5.08383423470412
5	4.860485710316689
6	3.259962460189694
7	2.2254681415160324
8	1.159927863423228
9	0.2323369769304322
