step	loss
0	9.119803559742259
1	8.102521684217377
2	7.854464416901873
3	6.568767824325641
4	5.5528286571732135
5	4.3194971744334785
6	3.4127915500616033
7	2.9947916369163465
8	1.2105547101305756
9	0.3592682234298742
