step	loss
0	9.983889824357936
1	8.705452879393828
2	7.718544990226103
3	6.725209181466948
4	5.228975846277906
5	4.693028807658345
6	3.7867442945246284
7	2.892867538754512
8	1.1516456723834816
9	0.7541927455203875
