step	loss
0	9.331380450308167
1	8.932798860686633
2	7.867086368119876
3	6.4084354339343115
4	5.82887903764249
5	4.158252777650161
6	3.26862669021285
7	2.612305591842228
8	1.6613289833287301
9	0.22996467649443597
